-- ----------------------------
-- Records of c_dictionary
-- ----------------------------
INSERT INTO `c_dictionary` VALUES (1, 'AREA_LEVEL', '行政区划', '01', '国家', b'1', '', 1, '', '', '', b'1', 3, '2020-01-20 15:12:57', 3, '2020-01-20 15:12:57');
INSERT INTO `c_dictionary` VALUES (2, 'AREA_LEVEL', '行政区划', '02', '省份/直辖市', b'1', '', 2, '', '', '', b'1', 3, '2020-01-20 15:13:45', 3, '2020-01-20 15:13:45');
INSERT INTO `c_dictionary` VALUES (3, 'AREA_LEVEL', '行政区划', '03', '地市', b'1', '', 3, '', '', '', b'1', 3, '2020-01-20 15:14:16', 3, '2020-01-20 15:14:16');
INSERT INTO `c_dictionary` VALUES (4, 'AREA_LEVEL', '行政区划', '04', '区县', b'1', '', 4, '', '', '', b'1', 3, '2020-01-20 15:14:54', 3, '2020-01-20 15:14:54');
INSERT INTO `c_dictionary` VALUES (5, 'AREA_LEVEL', '行政区划', '05', '乡镇', b'1', '', 5, '', '', '', b'1', 3, '2020-03-09 23:33:46', 3, '2020-03-09 23:33:46');
INSERT INTO `c_dictionary` VALUES (10, 'EDUCATION', '职称', '01', '住院医师', b'1', '', 1, '', '', '', b'1', 3, '2020-03-09 23:34:13', 3, '2020-03-09 23:34:13');
INSERT INTO `c_dictionary` VALUES (11, 'EDUCATION', '职称', '02', '主治医师', b'1', '', 2, '', '', '', b'1', 3, '2020-03-09 23:34:32', 3, '2020-03-09 23:34:32');
INSERT INTO `c_dictionary` VALUES (12, 'EDUCATION', '职称', '03', '副主任医师', b'1', '', 3, '', '', '', b'1', 3, '2020-03-09 23:34:40', 3, '2020-03-09 23:34:40');
INSERT INTO `c_dictionary` VALUES (13, 'EDUCATION', '职称', '04', '主任医师', b'1', '', 4, '', '', '', b'1', 1, '2019-06-04 11:36:29', 1, '2019-06-04 11:36:29');
INSERT INTO `c_dictionary` VALUES (14, 'EDUCATION', '职称', '05', '其他', b'1', '', 5, '', '', '', b'1', 1, '2019-06-04 11:36:19', 1, '2019-06-04 11:36:19');
INSERT INTO `c_dictionary` VALUES (40, 'ORG_TYPE', '机构类型', '01', '单位', b'1', '', 1, '', '', '', b'1', 1, '2020-11-23 21:13:17', 1, '2020-11-23 21:13:17');
INSERT INTO `c_dictionary` VALUES (41, 'ORG_TYPE', '机构类型', '02', '部门', b'1', '', 2, '', '', '', b'1', 1, '2020-11-23 21:13:17', 1, '2020-11-23 21:13:17');
INSERT INTO `c_dictionary` VALUES (43, 'NATION', '民族', '01', '汉族', b'1', '', 0, '', '', '', b'1', 1, '2018-03-15 20:11:01', 1, '2018-03-15 20:11:04');
INSERT INTO `c_dictionary` VALUES (44, 'NATION', '民族', '02', '壮族', b'1', '', 1, '', '', '', b'1', 1, '2018-03-15 20:11:01', 1, '2018-03-15 20:11:04');
INSERT INTO `c_dictionary` VALUES (45, 'NATION', '民族', '03', '满族', b'1', '', 2, '', '', '', b'1', 1, '2018-03-15 20:11:01', 1, '2018-03-15 20:11:04');
INSERT INTO `c_dictionary` VALUES (46, 'NATION', '民族', '04', '回族', b'1', '', 3, '', '', '', b'1', 1, '2018-03-15 20:11:01', 1, '2018-03-15 20:11:04');
INSERT INTO `c_dictionary` VALUES (47, 'NATION', '民族', '05', '苗族', b'1', '', 4, '', '', '', b'1', 1, '2018-03-15 20:11:01', 1, '2018-03-15 20:11:04');
INSERT INTO `c_dictionary` VALUES (48, 'NATION', '民族', '06', '维吾尔族', b'1', '', 5, '', '', '', b'1', 1, '2018-03-15 20:11:01', 1, '2018-03-15 20:11:04');
INSERT INTO `c_dictionary` VALUES (49, 'NATION', '民族', '07', '土家族', b'1', '', 6, '', '', '', b'1', 1, '2018-03-15 20:11:01', 1, '2018-03-15 20:11:04');
INSERT INTO `c_dictionary` VALUES (50, 'NATION', '民族', '08', '彝族', b'1', '', 7, '', '', '', b'1', 1, '2018-03-15 20:11:01', 1, '2018-03-15 20:11:04');
INSERT INTO `c_dictionary` VALUES (51, 'NATION', '民族', '09', '蒙古族', b'1', '', 8, '', '', '', b'1', 1, '2018-03-15 20:11:01', 1, '2018-03-15 20:11:04');
INSERT INTO `c_dictionary` VALUES (52, 'NATION', '民族', '10', '藏族', b'1', '', 9, '', '', '', b'1', 1, '2018-03-15 20:11:01', 1, '2018-03-15 20:11:04');
INSERT INTO `c_dictionary` VALUES (53, 'NATION', '民族', '11', '布依族', b'1', '', 10, '', '', '', b'1', 1, '2018-03-15 20:11:01', 1, '2018-03-15 20:11:04');
INSERT INTO `c_dictionary` VALUES (54, 'NATION', '民族', '12', '侗族', b'1', '', 11, '', '', '', b'1', 1, '2018-03-15 20:11:01', 1, '2018-03-15 20:11:04');
INSERT INTO `c_dictionary` VALUES (55, 'NATION', '民族', '13', '瑶族', b'1', '', 12, '', '', '', b'1', 1, '2018-03-15 20:11:01', 1, '2018-03-15 20:11:04');
INSERT INTO `c_dictionary` VALUES (56, 'NATION', '民族', '14', '朝鲜族', b'1', '', 13, '', '', '', b'1', 1, '2018-03-15 20:11:01', 1, '2018-03-15 20:11:04');
INSERT INTO `c_dictionary` VALUES (57, 'NATION', '民族', '15', '白族', b'1', '', 14, '', '', '', b'1', 1, '2018-03-15 20:11:01', 1, '2018-03-15 20:11:04');
INSERT INTO `c_dictionary` VALUES (58, 'NATION', '民族', '16', '哈尼族', b'1', '', 15, '', '', '', b'1', 1, '2018-03-15 20:11:01', 1, '2018-03-15 20:11:04');
INSERT INTO `c_dictionary` VALUES (59, 'NATION', '民族', '17', '哈萨克族', b'1', '', 16, '', '', '', b'1', 1, '2018-03-15 20:11:01', 1, '2018-03-15 20:11:04');
INSERT INTO `c_dictionary` VALUES (60, 'NATION', '民族', '18', '黎族', b'1', '', 17, '', '', '', b'1', 1, '2018-03-15 20:11:01', 1, '2018-03-15 20:11:04');
INSERT INTO `c_dictionary` VALUES (61, 'NATION', '民族', '19', '傣族', b'1', '', 18, '', '', '', b'1', 1, '2018-03-15 20:11:01', 1, '2018-03-15 20:11:04');
INSERT INTO `c_dictionary` VALUES (62, 'NATION', '民族', '20', '畲族', b'1', '', 19, '', '', '', b'1', 1, '2018-03-15 20:11:01', 1, '2018-03-15 20:11:04');
INSERT INTO `c_dictionary` VALUES (63, 'NATION', '民族', '21', '傈僳族', b'1', '', 20, '', '', '', b'1', 1, '2018-03-15 20:11:01', 1, '2018-03-15 20:11:04');
INSERT INTO `c_dictionary` VALUES (64, 'NATION', '民族', '22', '仡佬族', b'1', '', 21, '', '', '', b'1', 1, '2018-03-15 20:11:01', 1, '2018-03-15 20:11:04');
INSERT INTO `c_dictionary` VALUES (65, 'NATION', '民族', '23', '东乡族', b'1', '', 22, '', '', '', b'1', 1, '2018-03-15 20:11:01', 1, '2018-03-15 20:11:04');
INSERT INTO `c_dictionary` VALUES (66, 'NATION', '民族', '24', '高山族', b'1', '', 23, '', '', '', b'1', 1, '2018-03-15 20:11:01', 1, '2018-03-15 20:11:04');
INSERT INTO `c_dictionary` VALUES (67, 'NATION', '民族', '25', '拉祜族', b'1', '', 24, '', '', '', b'1', 1, '2018-03-15 20:11:01', 1, '2018-03-15 20:11:04');
INSERT INTO `c_dictionary` VALUES (68, 'NATION', '民族', '26', '水族', b'1', '', 25, '', '', '', b'1', 1, '2018-03-15 20:11:01', 1, '2018-03-15 20:11:04');
INSERT INTO `c_dictionary` VALUES (69, 'NATION', '民族', '27', '佤族', b'1', '', 26, '', '', '', b'1', 1, '2018-03-15 20:11:01', 1, '2018-03-15 20:11:04');
INSERT INTO `c_dictionary` VALUES (70, 'NATION', '民族', '28', '纳西族', b'1', '', 27, '', '', '', b'1', 1, '2018-03-15 20:11:01', 1, '2018-03-15 20:11:04');
INSERT INTO `c_dictionary` VALUES (71, 'NATION', '民族', '29', '羌族', b'1', '', 28, '', '', '', b'1', 1, '2018-03-15 20:11:01', 1, '2018-03-15 20:11:04');
INSERT INTO `c_dictionary` VALUES (72, 'NATION', '民族', '30', '土族', b'1', '', 29, '', '', '', b'1', 1, '2018-03-15 20:11:01', 1, '2018-03-15 20:11:04');
INSERT INTO `c_dictionary` VALUES (73, 'NATION', '民族', '31', '仫佬族', b'1', '', 30, '', '', '', b'1', 1, '2018-03-15 20:11:01', 1, '2018-03-15 20:11:04');
INSERT INTO `c_dictionary` VALUES (74, 'NATION', '民族', '32', '锡伯族', b'1', '', 31, '', '', '', b'1', 1, '2018-03-15 20:11:01', 1, '2018-03-15 20:11:04');
INSERT INTO `c_dictionary` VALUES (75, 'NATION', '民族', '33', '柯尔克孜族', b'1', '', 32, '', '', '', b'1', 1, '2018-03-15 20:11:01', 1, '2018-03-15 20:11:04');
INSERT INTO `c_dictionary` VALUES (76, 'NATION', '民族', '34', '达斡尔族', b'1', '', 33, '', '', '', b'1', 1, '2018-03-15 20:11:01', 1, '2018-03-15 20:11:04');
INSERT INTO `c_dictionary` VALUES (77, 'NATION', '民族', '35', '景颇族', b'1', '', 34, '', '', '', b'1', 1, '2018-03-15 20:11:01', 1, '2018-03-15 20:11:04');
INSERT INTO `c_dictionary` VALUES (78, 'NATION', '民族', '36', '毛南族', b'1', '', 35, '', '', '', b'1', 1, '2018-03-15 20:11:01', 1, '2018-03-15 20:11:04');
INSERT INTO `c_dictionary` VALUES (79, 'NATION', '民族', '37', '撒拉族', b'1', '', 36, '', '', '', b'1', 1, '2018-03-15 20:11:01', 1, '2018-03-15 20:11:04');
INSERT INTO `c_dictionary` VALUES (80, 'NATION', '民族', '38', '塔吉克族', b'1', '', 37, '', '', '', b'1', 1, '2018-03-15 20:11:01', 1, '2018-03-15 20:11:04');
INSERT INTO `c_dictionary` VALUES (81, 'NATION', '民族', '39', '阿昌族', b'1', '', 38, '', '', '', b'1', 1, '2018-03-15 20:11:01', 1, '2018-03-15 20:11:04');
INSERT INTO `c_dictionary` VALUES (82, 'NATION', '民族', '40', '普米族', b'1', '', 39, '', '', '', b'1', 1, '2018-03-15 20:11:01', 1, '2018-03-15 20:11:04');
INSERT INTO `c_dictionary` VALUES (83, 'NATION', '民族', '41', '鄂温克族', b'1', '', 40, '', '', '', b'1', 1, '2018-03-15 20:11:01', 1, '2018-03-15 20:11:04');
INSERT INTO `c_dictionary` VALUES (84, 'NATION', '民族', '42', '怒族', b'1', '', 41, '', '', '', b'1', 1, '2018-03-15 20:11:01', 1, '2018-03-15 20:11:04');
INSERT INTO `c_dictionary` VALUES (85, 'NATION', '民族', '43', '京族', b'1', '', 42, '', '', '', b'1', 1, '2018-03-15 20:11:01', 1, '2018-03-15 20:11:04');
INSERT INTO `c_dictionary` VALUES (86, 'NATION', '民族', '44', '基诺族', b'1', '', 43, '', '', '', b'1', 1, '2018-03-15 20:11:01', 1, '2018-03-15 20:11:04');
INSERT INTO `c_dictionary` VALUES (87, 'NATION', '民族', '45', '德昂族', b'1', '', 44, '', '', '', b'1', 1, '2018-03-15 20:11:01', 1, '2018-03-15 20:11:04');
INSERT INTO `c_dictionary` VALUES (88, 'NATION', '民族', '46', '保安族', b'1', '', 45, '', '', '', b'1', 1, '2018-03-15 20:11:01', 1, '2018-03-15 20:11:04');
INSERT INTO `c_dictionary` VALUES (89, 'NATION', '民族', '47', '俄罗斯族', b'1', '', 46, '', '', '', b'1', 1, '2018-03-15 20:11:01', 1, '2018-03-15 20:11:04');
INSERT INTO `c_dictionary` VALUES (90, 'NATION', '民族', '48', '裕固族', b'1', '', 47, '', '', '', b'1', 1, '2018-03-15 20:11:01', 1, '2018-03-15 20:11:04');
INSERT INTO `c_dictionary` VALUES (91, 'NATION', '民族', '49', '乌兹别克族', b'1', '', 48, '', '', '', b'1', 1, '2018-03-15 20:11:01', 1, '2018-03-15 20:11:04');
INSERT INTO `c_dictionary` VALUES (92, 'NATION', '民族', '50', '门巴族', b'1', '', 49, '', '', '', b'1', 1, '2018-03-15 20:11:01', 1, '2018-03-15 20:11:04');
INSERT INTO `c_dictionary` VALUES (93, 'NATION', '民族', '51', '鄂伦春族', b'1', '', 50, '', '', '', b'1', 1, '2018-03-15 20:11:01', 1, '2018-03-15 20:11:04');
INSERT INTO `c_dictionary` VALUES (94, 'NATION', '民族', '52', '独龙族', b'1', '', 51, '', '', '', b'1', 1, '2018-03-15 20:11:01', 1, '2018-03-15 20:11:04');
INSERT INTO `c_dictionary` VALUES (95, 'NATION', '民族', '53', '塔塔尔族', b'1', '', 52, '', '', '', b'1', 1, '2018-03-15 20:11:01', 1, '2018-03-15 20:11:04');
INSERT INTO `c_dictionary` VALUES (96, 'NATION', '民族', '54', '赫哲族', b'1', '', 53, '', '', '', b'1', 1, '2018-03-15 20:11:01', 1, '2018-03-15 20:11:04');
INSERT INTO `c_dictionary` VALUES (97, 'NATION', '民族', '55', '珞巴族', b'1', '', 54, '', '', '', b'1', 1, '2018-03-15 20:11:01', 1, '2018-03-15 20:11:04');
INSERT INTO `c_dictionary` VALUES (98, 'NATION', '民族', '56', '布朗族', b'1', '', 55, '', '', '', b'1', 1, '2018-03-15 20:11:01', 1, '2018-03-15 20:11:04');
INSERT INTO `c_dictionary` VALUES (99, 'NATION', '民族', '57', '其他', b'1', '', 100, '', '', '', b'1', 3, '2020-03-09 23:38:29', 3, '2020-03-09 23:38:29');
INSERT INTO `c_dictionary` VALUES (110, 'POSITION_STATUS', '职位状态', '01', '在职', b'1', '', 1, '', '', '', b'1', 1, '2019-06-04 11:38:16', 1, '2019-06-04 11:38:16');
INSERT INTO `c_dictionary` VALUES (111, 'POSITION_STATUS', '职位状态', '02', '请假', b'1', '', 2, '', '', '', b'1', 3, '2020-03-09 23:39:30', 3, '2020-03-09 23:39:30');
INSERT INTO `c_dictionary` VALUES (112, 'POSITION_STATUS', '职位状态', '03', '离职', b'1', '', 3, '', '', '', b'1', 1, '2019-06-04 11:38:50', 1, '2019-06-04 11:38:50');

-- ----------------------------
-- Records of c_file
-- ----------------------------
INSERT INTO `c_file` VALUES (1473629050630045696, 'USER_AVATAR', 'IMAGE', 'LOCAL', 'dev', '2222/USER_AVATAR/2021/12/22/c6efeef0e9c145ce9aa5bbba3d858cf6.jpg', 'https://static.tangyh.top/file/dev/2222/USER_AVATAR/2021/12/22/c6efeef0e9c145ce9aa5bbba3d858cf6.jpg', 'c6efeef0e9c145ce9aa5bbba3d858cf6.jpg', NULL, '123.jpg', 'image/jpeg', 'jpg', 47538, '2021-12-22 20:18:39', 1, '2021-12-22 20:18:39', 1);
INSERT INTO `c_file` VALUES (1473630078175805440, 'USER_AVATAR', 'IMAGE', 'LOCAL', 'dev', '2222/USER_AVATAR/2021/12/22/5b837f81470042e4b87e306ec957846b.jpg', 'https://static.tangyh.top/file/dev/2222/USER_AVATAR/2021/12/22/5b837f81470042e4b87e306ec957846b.jpg', '5b837f81470042e4b87e306ec957846b.jpg', NULL, '123.jpg', 'image/jpeg', 'jpg', 47538, '2021-12-22 20:22:44', 1, '2021-12-22 20:22:44', 1);
INSERT INTO `c_file` VALUES (1473637769547874304, 'USER_AVATAR', 'IMAGE', 'ALI_OSS', 'niefuhao502006690', '2222/USER_AVATAR/2021/12/22/19631515811f4695b6610593569d3c56.jpg', '.oss-cn-beijing.aliyuncs.comniefuhao502006690/2222/USER_AVATAR/2021/12/22/19631515811f4695b6610593569d3c56.jpg', '19631515811f4695b6610593569d3c56.jpg', NULL, '123.jpg', 'image/jpeg', 'jpg', 47538, '2021-12-22 20:53:18', 1, '2021-12-22 20:53:18', 1);
INSERT INTO `c_file` VALUES (1473641107836370944, 'USER_AVATAR', 'IMAGE', 'ALI_OSS', 'niefuhao502006690', '2222/USER_AVATAR/2021/12/22/84ce4d70ba1e407db6200eb76ea23355.jpg', '.oss-cn-beijing.aliyuncs.comniefuhao502006690/2222/USER_AVATAR/2021/12/22/84ce4d70ba1e407db6200eb76ea23355.jpg', '84ce4d70ba1e407db6200eb76ea23355.jpg', NULL, '123.jpg', 'image/jpeg', 'jpg', 47538, '2021-12-22 21:06:34', 1, '2021-12-22 21:06:34', 1);
INSERT INTO `c_file` VALUES (1473641307330052096, 'USER_AVATAR', 'IMAGE', 'ALI_OSS', 'niefuhao502006690', '2222/USER_AVATAR/2021/12/22/8661e5942c1f441aaffb27e23a43827f.jpg', 'http://niefuhao502006690.oss-cn-beijing.aliyuncs.comniefuhao502006690/2222/USER_AVATAR/2021/12/22/8661e5942c1f441aaffb27e23a43827f.jpg', '8661e5942c1f441aaffb27e23a43827f.jpg', NULL, '123.jpg', 'image/jpeg', 'jpg', 47538, '2021-12-22 21:07:21', 1, '2021-12-22 21:07:21', 1);
INSERT INTO `c_file` VALUES (1473642634374283264, 'USER_AVATAR', 'IMAGE', 'ALI_OSS', 'niefuhao502006690', '2222/USER_AVATAR/2021/12/22/cf2f1838fdf64febbd99fb7e87bb8314.jpg', 'http://niefuhao502006690.oss-cn-beijing.aliyuncs.comniefuhao502006690/2222/USER_AVATAR/2021/12/22/cf2f1838fdf64febbd99fb7e87bb8314.jpg', 'cf2f1838fdf64febbd99fb7e87bb8314.jpg', NULL, '123.jpg', 'image/jpeg', 'jpg', 47538, '2021-12-22 21:12:38', 1, '2021-12-22 21:12:38', 1);
INSERT INTO `c_file` VALUES (1473642848397033472, 'USER_AVATAR', 'IMAGE', 'ALI_OSS', 'niefuhao502006690', '2222/USER_AVATAR/2021/12/22/3afa9443a60047bea3b3c3338837dd5f.jpg', 'niefuhao502006690.oss-cn-beijing.aliyuncs.com/2222/USER_AVATAR/2021/12/22/3afa9443a60047bea3b3c3338837dd5f.jpg', '3afa9443a60047bea3b3c3338837dd5f.jpg', NULL, '123.jpg', 'image/jpeg', 'jpg', 47538, '2021-12-22 21:13:29', 1, '2021-12-22 21:13:29', 1);
INSERT INTO `c_file` VALUES (1473830200385994752, 'USER_AVATAR', 'IMAGE', 'MIN_IO', 'test', '2222/USER_AVATAR/2021/12/23/4c29597a33a44a71a25849ea39e0339b.jpg', 'http://192.168.0.88:9090/test/2222/USER_AVATAR/2021/12/23/4c29597a33a44a71a25849ea39e0339b.jpg', '4c29597a33a44a71a25849ea39e0339b.jpg', NULL, '123.jpg', 'image/jpeg', 'jpg', 57693, '2021-12-23 09:37:57', 1, '2021-12-23 09:37:57', 1);
INSERT INTO `c_file` VALUES (1473836862190649344, 'USER_AVATAR', 'IMAGE', 'MIN_IO', 'test', '2222/USER_AVATAR/2021/12/23/b3a0514fe64948aba82f0355050b5a4e.jpg', 'http://192.168.0.88:9090/test/2222/USER_AVATAR/2021/12/23/b3a0514fe64948aba82f0355050b5a4e.jpg', 'b3a0514fe64948aba82f0355050b5a4e.jpg', NULL, 'QQ截图20211223094951.jpg', 'image/jpeg', 'jpg', 59286, '2021-12-23 10:04:25', 1, '2021-12-23 10:04:25', 1);
INSERT INTO `c_file` VALUES (1473838393728172032, 'USER_AVATAR', 'IMAGE', 'MIN_IO', 'test', '2222/USER_AVATAR/2021/12/23/340c4ce50e484794b65093e505a0779e.jpg', 'http://192.168.0.88:9090/test/2222/USER_AVATAR/2021/12/23/340c4ce50e484794b65093e505a0779e.jpg', '340c4ce50e484794b65093e505a0779e.jpg', NULL, '123.jpg', 'image/jpeg', 'jpg', 57693, '2021-12-23 10:10:30', 1, '2021-12-23 10:10:30', 1);
INSERT INTO `c_file` VALUES (1473839846039486464, 'USER_AVATAR', 'IMAGE', 'MIN_IO', 'test', '2222/USER_AVATAR/2021/12/23/b51d7d35f2f54abc8a3be055e110e8bd.jpg', 'http://81.70.207.162:9090/test/2222/USER_AVATAR/2021/12/23/b51d7d35f2f54abc8a3be055e110e8bd.jpg', 'b51d7d35f2f54abc8a3be055e110e8bd.jpg', NULL, 'QQ截图20211223094951.jpg', 'image/jpeg', 'jpg', 59286, '2021-12-23 10:16:17', 1, '2021-12-23 10:16:17', 1);
INSERT INTO `c_file` VALUES (1473979974699450368, 'USER_AVATAR', 'IMAGE', 'MIN_IO', 'test', '2222/USER_AVATAR/2021/12/23/1058a9aca5464810b1c6137c49cb7400.jpg', 'http://81.70.207.162:9090/test/2222/USER_AVATAR/2021/12/23/1058a9aca5464810b1c6137c49cb7400.jpg', '1058a9aca5464810b1c6137c49cb7400.jpg', NULL, '123.jpg', 'image/jpeg', 'jpg', 47538, '2021-12-23 19:33:06', 1, '2021-12-23 19:33:06', 1);
INSERT INTO `c_file` VALUES (1473987504121053184, 'USER_AVATAR', 'IMAGE', 'MIN_IO', 'test', '2222/USER_AVATAR/2021/12/23/dcb32592a8204294a715e570e45e13d9.jpg', 'http://81.70.207.162:9090/test/2222/USER_AVATAR/2021/12/23/dcb32592a8204294a715e570e45e13d9.jpg', 'dcb32592a8204294a715e570e45e13d9.jpg', NULL, '123.jpg', 'image/jpeg', 'jpg', 47538, '2021-12-23 20:03:01', 1, '2021-12-23 20:03:01', 1);
INSERT INTO `c_file` VALUES (1473988088643452928, 'USER_AVATAR', 'IMAGE', 'MIN_IO', 'test', '2222/USER_AVATAR/2021/12/23/b8ea523b1a2e40148b2deb01d198380e.jpg', 'http://81.70.207.162:9090/test/2222/USER_AVATAR/2021/12/23/b8ea523b1a2e40148b2deb01d198380e.jpg', 'b8ea523b1a2e40148b2deb01d198380e.jpg', NULL, '123.jpg', 'image/jpeg', 'jpg', 47538, '2021-12-23 20:05:20', 1, '2021-12-23 20:05:20', 1);
INSERT INTO `c_file` VALUES (1473989253808521216, 'USER_AVATAR', 'IMAGE', 'MIN_IO', 'test', '2222/USER_AVATAR/2021/12/23/455e015034e74c6e968ac570575c34b0.jpg', 'http://81.70.207.162:9090/test/2222/USER_AVATAR/2021/12/23/455e015034e74c6e968ac570575c34b0.jpg', '455e015034e74c6e968ac570575c34b0.jpg', NULL, 'QQ截图20211223200951.jpg', 'image/jpeg', 'jpg', 14012, '2021-12-23 20:09:58', 1, '2021-12-23 20:09:58', 1);
INSERT INTO `c_file` VALUES (1473992689476173824, 'USER_AVATAR', 'IMAGE', 'MIN_IO', 'test', '2222/USER_AVATAR/2021/12/23/657ff208d9c54fbfba48572b52655882.jpg', 'http://81.70.207.162:9090/test/2222/USER_AVATAR/2021/12/23/657ff208d9c54fbfba48572b52655882.jpg', '657ff208d9c54fbfba48572b52655882.jpg', NULL, 'QQ截图20211223200951.jpg', 'image/jpeg', 'jpg', 14012, '2021-12-23 20:23:37', 1, '2021-12-23 20:23:37', 1);
INSERT INTO `c_file` VALUES (1473995338204315648, 'USER_AVATAR', 'IMAGE', 'MIN_IO', 'test', '2222/USER_AVATAR/2021/12/23/a85eb70d79b34ac78edb97c7bbc31884.png', 'http://81.70.207.162:9090/test/2222/USER_AVATAR/2021/12/23/a85eb70d79b34ac78edb97c7bbc31884.png', 'a85eb70d79b34ac78edb97c7bbc31884.png', NULL, '千库网_人物头像图标图_元素编号12402612.png', 'image/png', 'png', 69560, '2021-12-23 20:34:09', 1, '2021-12-23 20:34:09', 1);
INSERT INTO `c_file` VALUES (1475747582872387584, 'USER_AVATAR', 'IMAGE', 'MIN_IO', 'test', '2222/USER_AVATAR/2021/12/28/667267cc96e147fd970c70839cf2ace7.jpg', 'http://81.70.207.162:9090/test/2222/USER_AVATAR/2021/12/28/667267cc96e147fd970c70839cf2ace7.jpg', '667267cc96e147fd970c70839cf2ace7.jpg', NULL, '123.jpg', 'image/jpeg', 'jpg', 22392, '2021-12-28 16:36:56', 1, '2021-12-28 16:36:56', 1);
INSERT INTO `c_file` VALUES (1476142633121218560, 'USER_AVATAR', 'IMAGE', 'MIN_IO', 'test', '2222/USER_AVATAR/2021/12/29/b8e791fad8524ca58dc754df74d78c32.png', 'http://81.70.207.162:9090/test/2222/USER_AVATAR/2021/12/29/b8e791fad8524ca58dc754df74d78c32.png', 'b8e791fad8524ca58dc754df74d78c32.png', NULL, 'JYNM8}QI1G8R`7YIDR~{@8B.png', 'image/png', 'png', 314551, '2021-12-29 18:46:44', 1, '2021-12-29 18:46:44', 1);


-- ----------------------------
-- Records of c_application
-- ----------------------------
INSERT INTO `c_application` VALUES (1, 'lamp_web', 'lamp_web_secret', 'https://tangyh.top', 'lamp快速开发平台', NULL, 'PC', '内置', b'1', 1, '2020-04-02 15:05:14', 1, '2020-04-02 15:05:17');


-- ----------------------------
-- Records of c_menu
-- ----------------------------
INSERT INTO `c_menu` VALUES (10, '挂号端', '', b'0', '/registered', 'Layout', b'1', 10, 'ant-design:dashboard-filled', '', 0, b'1', 1, '2020-11-23 11:47:31', 1, '2020-11-23 11:47:31');
INSERT INTO `c_menu` VALUES (20, '工作台', '', b'0', '/workbench', 'Layout', b'1', 20, 'ant-design:dashboard-filled', '', 0, b'1', 1, '2020-11-23 11:47:31', 1, '2020-11-23 11:47:31');
INSERT INTO `c_menu` VALUES (30, '组织管理', '', b'0', '/org', 'Layout', b'1', 30, 'ant-design:cluster-outlined', '', 0, b'1', 1, '2020-11-23 11:47:31', 1, '2020-11-23 11:47:31');
INSERT INTO `c_menu` VALUES (40, '资源中心', '', b'0', '/resources', 'Layout', b'1', 40, 'ant-design:cloud-server-outlined', '', 0, b'1', 1, '2020-11-23 11:47:31', 1, '2020-11-23 11:47:31');
INSERT INTO `c_menu` VALUES (60, '系统设置', '', b'0', '/system', 'Layout', b'1', 60, 'ant-design:setting-outlined', '', 0, b'1', 1, '2020-11-23 11:47:31', 1, '2020-11-23 11:47:31');
INSERT INTO `c_menu` VALUES (120, '通知公告/医生端', '', b'0', '/workbench/notice', 'lamp/workbench/notice/index', b'1', 10, '', '', 20, b'1', 1, '2020-11-23 11:47:31', 1, '2020-11-23 11:47:31');
INSERT INTO `c_menu` VALUES (121, '待我审批/叫号大屏', '', b'0', '/workbench/todo', 'lamp/workbench/todo/index', b'1', 20, '', '', 20, b'1', 1, '2020-11-23 11:47:31', 1, '2020-11-23 11:47:31');
INSERT INTO `c_menu` VALUES (130, '机构管理', '', b'0', '/org/org', 'lamp/org/org/index', b'1', 10, '', '', 30, b'1', 1, '2020-11-23 11:47:31', 1, '2020-11-23 11:47:31');
INSERT INTO `c_menu` VALUES (131, '岗位管理', '', b'0', '/org/station', 'lamp/org/station/index', b'1', 20, '', '', 30, b'1', 1, '2020-11-23 11:47:31', 1, '2020-11-23 11:47:31');
INSERT INTO `c_menu` VALUES (132, '用户管理', '', b'0', '/org/user', 'lamp/org/user/index', b'1', 30, '', '', 30, b'1', 1, '2020-11-23 11:47:31', 1, '2020-11-23 11:47:31');
INSERT INTO `c_menu` VALUES (140, '消息中心', '', b'0', '/resources/msg', 'lamp/resources/msg/index', b'1', 10, '', '', 40, b'1', 1, '2020-11-23 11:47:31', 1, '2020-11-23 11:47:31');
INSERT INTO `c_menu` VALUES (143, '附件管理', '', b'0', '/resources/attachment', 'lamp/resources/attachment/index', b'1', 40, '', '', 40, b'1', 1, '2020-11-23 11:47:31', 1, '2020-11-23 11:47:31');
INSERT INTO `c_menu` VALUES (160, '菜单管理', '', b'0', '/system/menu', 'lamp/system/menu/index', b'1', 10, '', '', 60, b'1', 1, '2020-11-23 11:47:31', 1, '2020-11-23 11:47:31');
INSERT INTO `c_menu` VALUES (161, '角色管理', '', b'0', '/system/role', 'lamp/system/role/index', b'1', 20, '', '', 60, b'1', 1, '2020-11-23 11:47:31', 1, '2020-11-23 11:47:31');
INSERT INTO `c_menu` VALUES (165, '操作日志', '', b'0', '/system/optLog', 'lamp/system/optLog/index', b'1', 60, '', '', 60, b'1', 1, '2020-11-23 11:47:31', 1, '2020-11-23 11:47:31');
INSERT INTO `c_menu` VALUES (166, '登录日志', '', b'0', '/system/loginLog', 'lamp/system/loginLog/index', b'1', 70, '', '', 60, b'1', 1, '2020-11-23 11:47:31', 1, '2020-11-23 11:47:31');
INSERT INTO `c_menu` VALUES (167, '在线用户', '', b'0', '/system/online', 'lamp/system/online/index', b'1', 80, '', '', 60, b'1', 1, '2020-11-23 11:47:31', 1, '2020-11-23 11:47:31');
INSERT INTO `c_menu` VALUES (1471770641223909376, '挂号', '', b'0', '/guahao', 'lamp/registered/guahao/index', b'1', 0, '', '', 10, b'0', 1, '2021-12-17 17:14:00', 1, '2021-12-21 17:03:18');
INSERT INTO `c_menu` VALUES (1477162491380236288, '挂号记录', '', b'0', '/RegList', 'lamp/registered/RegList/index', b'1', 1, '', '', 10, b'0', 1, '2022-01-01 14:19:17', 1, '2022-01-01 14:22:12');



-- ----------------------------
-- Records of c_org
-- ----------------------------
INSERT INTO `c_org` VALUES (1472434504344797184, '对外门诊', '01', '对外门诊', 0, '', 0, b'1', '对外门诊', '2021-12-19 13:11:57', 1, '2021-12-19 13:11:57', 1);
INSERT INTO `c_org` VALUES (1472434706443141120, '内科', '02', '内科', 1472434504344797184, ',1472434504344797184', 0, b'1', '内科', '2021-12-19 13:12:45', 1, '2021-12-19 13:12:45', 1);
INSERT INTO `c_org` VALUES (1472434761812148224, '外科', '02', '外科', 1472434504344797184, ',1472434504344797184', 0, b'1', '外科', '2021-12-19 13:12:58', 1, '2021-12-19 13:12:58', 1);
INSERT INTO `c_org` VALUES (1472434830976221184, '妇产科', '02', '妇产科', 1472434504344797184, ',1472434504344797184', 0, b'1', '妇产科', '2021-12-19 13:13:15', 1, '2021-12-19 13:13:15', 1);
INSERT INTO `c_org` VALUES (1472434904246517760, '儿科', '02', '儿科', 1472434504344797184, ',1472434504344797184', 0, b'1', '儿科', '2021-12-19 13:13:32', 1, '2021-12-19 13:13:32', 1);
INSERT INTO `c_org` VALUES (1472434975386107904, '骨科', '02', '骨科', 1472434504344797184, ',1472434504344797184', 0, b'1', '骨科', '2021-12-19 13:13:49', 1, '2021-12-19 13:13:49', 1);
INSERT INTO `c_org` VALUES (1472435041396064256, '皮肤科', '02', '皮肤科', 1472434504344797184, ',1472434504344797184', 0, b'1', '皮肤科', '2021-12-19 13:14:05', 1, '2021-12-19 13:14:05', 1);
INSERT INTO `c_org` VALUES (1472437795271213056, '患者管理', '01', '患者管理', 0, '', 0, b'1', '患者管理', '2021-12-19 13:25:02', 1, '2021-12-19 13:25:02', 1);
INSERT INTO `c_org` VALUES (1473210484948729856, '皮肤科（1诊室）', '02', '皮肤科（1诊室）', 1472435041396064256, ',1472434504344797184,1472435041396064256', 0, b'1', '皮肤科（1诊室）', '2021-12-21 16:35:25', 1, '2021-12-21 16:35:25', 1);
INSERT INTO `c_org` VALUES (1473210591467274240, '皮肤科（2诊室）', '02', '皮肤科（2诊室）', 1472435041396064256, ',1472434504344797184,1472435041396064256', 0, b'1', '皮肤科（2诊室）', '2021-12-21 16:35:51', 1, '2021-12-21 16:35:51', 1);
INSERT INTO `c_org` VALUES (1473210637046775808, '皮肤科（3诊室）', '02', '皮肤科（3诊室）', 1472435041396064256, ',1472434504344797184,1472435041396064256', 0, b'1', '皮肤科（3诊室）', '2021-12-21 16:36:01', 1, '2021-12-21 16:36:01', 1);
INSERT INTO `c_org` VALUES (1473210783285379072, '妇产科（1诊室）', '02', '妇产科（1诊室）', 1472434830976221184, ',1472434504344797184,1472434830976221184', 0, b'1', '妇产科（1诊室）', '2021-12-21 16:36:36', 1, '2021-12-21 16:36:36', 1);
INSERT INTO `c_org` VALUES (1473210886050021376, '妇产科（2诊室）', '02', '妇产科（2诊室）', 1472434830976221184, ',1472434504344797184,1472434830976221184', 0, b'1', '妇产科（2诊室）', '2021-12-21 16:37:01', 1, '2021-12-21 16:37:01', 1);
INSERT INTO `c_org` VALUES (1473210980749017088, '内科（2诊室）', '02', '内科（2诊室）', 1472434706443141120, ',1472434504344797184,1472434706443141120', 0, b'1', '内科（2诊室）', '2021-12-21 16:37:23', 1, '2021-12-21 16:37:23', 1);
INSERT INTO `c_org` VALUES (1473211020615876608, '内科（1诊室）', '02', '内科（1诊室）', 1472434706443141120, ',1472434504344797184,1472434706443141120', 0, b'1', '内科（1诊室）', '2021-12-21 16:37:33', 1, '2021-12-21 16:37:33', 1);
INSERT INTO `c_org` VALUES (1473211081798189056, '儿科（1诊室）', '02', '儿科（1诊室）', 1472434904246517760, ',1472434504344797184,1472434904246517760', 0, b'1', '儿科（1诊室）', '2021-12-21 16:37:47', 1, '2021-12-21 16:37:47', 1);
INSERT INTO `c_org` VALUES (1473211142963724288, '儿科（2诊室）', '02', '儿科（2诊室）', 1472434904246517760, ',1472434504344797184,1472434904246517760', 0, b'1', '儿科（2诊室）', '2021-12-21 16:38:02', 1, '2021-12-21 16:38:02', 1);
INSERT INTO `c_org` VALUES (1473211219014844416, '骨科（2诊室）', '02', '骨科（2诊室）', 1472434975386107904, ',1472434504344797184,1472434975386107904', 0, b'1', '骨科（2诊室）', '2021-12-21 16:38:20', 1, '2021-12-21 16:38:20', 1);
INSERT INTO `c_org` VALUES (1473211264720175104, '骨科（1诊室）', '02', '骨科（1诊室）', 1472434975386107904, ',1472434504344797184,1472434975386107904', 0, b'1', '骨科（1诊室）', '2021-12-21 16:38:31', 1, '2021-12-21 16:38:31', 1);
INSERT INTO `c_org` VALUES (1473211321674629120, '外科（1诊室）', '02', '外科（1诊室）', 1472434761812148224, ',1472434504344797184,1472434761812148224', 0, b'1', '外科（1诊室）', '2021-12-21 16:38:45', 1, '2021-12-21 16:38:45', 1);

-- ----------------------------
-- Records of c_parameter
-- ----------------------------
INSERT INTO `c_parameter` VALUES (1, 'LoginPolicy', '登录策略', 'MANY', 'ONLY_ONE:一个用户只能登录一次; MANY:用户可以任意登录; ONLY_ONE_CLIENT:一个用户在一个应用只能登录一次', b'1', b'1', 1, '2020-04-02 21:56:19', 1, '2020-04-03 01:12:32');

-- ----------------------------
-- Records of c_resource
-- ----------------------------
INSERT INTO `c_resource` VALUES (1, 'authority:menu:add', '新增', 160, '', b'1', 1, '2020-11-23 21:12:57', 1, '2020-11-23 21:12:57');
INSERT INTO `c_resource` VALUES (2, 'authority:menu:edit', '编辑', 160, '', b'1', 1, '2020-11-23 21:12:57', 1, '2020-11-23 21:12:57');
INSERT INTO `c_resource` VALUES (3, 'authority:menu:delete', '删除', 160, '', b'1', 1, '2020-11-23 21:12:57', 1, '2020-11-23 21:12:57');
INSERT INTO `c_resource` VALUES (4, 'authority:menu:view;authority:resource:view', '查看', 160, '', b'1', 1, '2020-11-23 21:12:57', 1, '2020-11-23 21:12:57');
INSERT INTO `c_resource` VALUES (5, 'authority:menu:import', '导入', 160, '', b'1', 1, '2020-11-23 21:12:57', 1, '2020-11-23 21:12:57');
INSERT INTO `c_resource` VALUES (6, 'authority:menu:export', '导出', 160, '', b'1', 1, '2020-11-23 21:12:57', 1, '2020-11-23 21:12:57');
INSERT INTO `c_resource` VALUES (7, 'authority:resource:add', '新增', 160, '', b'1', 1, '2020-11-23 21:12:57', 1, '2020-11-23 21:12:57');
INSERT INTO `c_resource` VALUES (8, 'authority:resource:edit', '编辑', 160, '', b'1', 1, '2020-11-23 21:12:57', 1, '2020-11-23 21:12:57');
INSERT INTO `c_resource` VALUES (9, 'authority:resource:delete', '删除', 160, '', b'1', 1, '2020-11-23 21:12:57', 1, '2020-11-23 21:12:57');
INSERT INTO `c_resource` VALUES (10, 'authority:resource:view', '查看', 160, '', b'1', 1, '2020-11-23 21:12:57', 1, '2020-11-23 21:12:57');
INSERT INTO `c_resource` VALUES (25938183673872491, 'authority:org:add', '新增', 130, '', b'1', 1, '2020-11-23 22:02:52', 1, '2020-11-23 22:02:52');
INSERT INTO `c_resource` VALUES (25938183673872496, 'authority:org:edit', '编辑', 130, '', b'1', 1, '2020-11-23 22:03:13', 1, '2020-11-23 22:03:13');
INSERT INTO `c_resource` VALUES (25938183673872501, 'authority:org:delete', '删除', 130, '', b'1', 1, '2020-11-23 22:03:33', 1, '2020-11-23 22:03:33');
INSERT INTO `c_resource` VALUES (25938183673872506, 'authority:org:view', '查看', 130, '', b'1', 1, '2020-11-23 22:03:47', 1, '2020-11-23 22:03:47');
INSERT INTO `c_resource` VALUES (25938183673872513, 'authority:station:add', '新增', 131, '', b'1', 1, '2020-11-23 22:04:08', 1, '2020-11-23 22:04:08');
INSERT INTO `c_resource` VALUES (25938183673872518, 'authority:station:edit', '编辑', 131, '', b'1', 1, '2020-11-23 22:04:17', 1, '2020-11-23 22:04:17');
INSERT INTO `c_resource` VALUES (25938183673872523, 'authority:station:delete', '删除', 131, '', b'1', 1, '2020-11-23 22:04:28', 1, '2020-11-23 22:04:28');
INSERT INTO `c_resource` VALUES (25938183673872528, 'authority:station:view;authority:org:view', '查看', 131, '', b'1', 1, '2020-11-23 22:04:41', 1, '2020-11-23 22:04:41');
INSERT INTO `c_resource` VALUES (25938183673872537, 'authority:user:add', '新增', 132, '', b'1', 1, '2020-11-23 22:05:24', 1, '2020-11-23 22:05:24');
INSERT INTO `c_resource` VALUES (25938183673872542, 'authority:user:edit', '编辑', 132, '', b'1', 1, '2020-11-23 22:05:33', 1, '2020-11-23 22:05:33');
INSERT INTO `c_resource` VALUES (25938183673872547, 'authority:user:delete', '删除', 132, '', b'1', 1, '2020-11-23 22:05:41', 1, '2020-11-23 22:05:41');
INSERT INTO `c_resource` VALUES (25938183673872552, 'authority:user:view;authority:station:view;authority:org:view', '查看', 132, '', b'1', 1, '2020-11-23 22:05:47', 1, '2020-11-23 22:05:47');
INSERT INTO `c_resource` VALUES (25938183673872557, 'authority:user:resetPassword', '重置密码', 132, '', b'1', 1, '2020-11-23 22:06:09', 1, '2020-11-23 22:06:09');
INSERT INTO `c_resource` VALUES (25938183673872562, 'authority:user:updateState', '修改状态', 132, '', b'1', 1, '2020-11-23 22:06:42', 1, '2020-11-23 22:06:42');
INSERT INTO `c_resource` VALUES (25938183673872569, 'msg:msg:add;authority:user:view;authority:role:view', '新增', 140, '', b'1', 1, '2020-11-23 22:08:07', 1, '2020-11-23 22:08:07');
INSERT INTO `c_resource` VALUES (25938183673872574, 'msg:msg:edit;authority:user:view;authority:role:view', '编辑', 140, '', b'1', 1, '2020-11-23 22:08:23', 1, '2020-11-23 22:08:23');
INSERT INTO `c_resource` VALUES (25938183673872579, 'msg:msg:delete', '删除', 140, '', b'1', 1, '2020-11-23 22:08:32', 1, '2020-11-23 22:08:32');
INSERT INTO `c_resource` VALUES (25938183673872584, 'msg:msg:view', '查看', 140, '', b'1', 1, '2020-11-23 22:08:38', 1, '2020-11-23 22:08:38');
INSERT INTO `c_resource` VALUES (25938183673872589, 'msg:msg:mark', '标记已读', 140, '', b'1', 1, '2020-11-23 22:10:36', 1, '2020-11-23 22:10:36');
INSERT INTO `c_resource` VALUES (25938183673872596, 'authority:org:import', '导入', 130, '', b'1', 1, '2020-11-23 22:11:11', 1, '2020-11-23 22:11:11');
INSERT INTO `c_resource` VALUES (25938183673872601, 'authority:org:export', '导出', 130, '', b'1', 1, '2020-11-23 22:11:21', 1, '2020-11-23 22:11:21');
INSERT INTO `c_resource` VALUES (25938183673872610, 'authority:station:import', '导入', 131, '', b'1', 1, '2020-11-23 22:11:41', 1, '2020-11-23 22:11:41');
INSERT INTO `c_resource` VALUES (25938183673872615, 'authority:station:export', '导出', 131, '', b'1', 1, '2020-11-23 22:11:50', 1, '2020-11-23 22:11:50');
INSERT INTO `c_resource` VALUES (25938183673872622, 'authority:user:import', '导入', 132, '', b'1', 1, '2020-11-23 22:12:16', 1, '2020-11-23 22:12:16');
INSERT INTO `c_resource` VALUES (25938183673872627, 'authority:user:export', '导出', 132, '', b'1', 1, '2020-11-23 22:12:24', 1, '2020-11-23 22:12:24');
INSERT INTO `c_resource` VALUES (25938183673872646, 'msg:msg:export', '导出', 140, '', b'1', 1, '2020-11-23 22:15:21', 1, '2020-11-23 22:15:21');
INSERT INTO `c_resource` VALUES (25938183673872657, 'msg:sms:add', '新增', 142, '', b'1', 1, '2020-11-23 22:16:55', 1, '2020-11-23 22:16:55');
INSERT INTO `c_resource` VALUES (25938183673872662, 'msg:sms:edit', '编辑', 142, '', b'1', 1, '2020-11-23 22:17:03', 1, '2020-11-23 22:17:03');
INSERT INTO `c_resource` VALUES (25938183673872667, 'msg:sms:delete', '删除', 142, '', b'1', 1, '2020-11-23 22:17:15', 1, '2020-11-23 22:17:15');
INSERT INTO `c_resource` VALUES (25938183673872672, 'msg:sms:view;msg:smsTemplate:view', '查看', 142, '', b'1', 1, '2020-11-23 22:17:24', 1, '2020-11-23 22:17:24');
INSERT INTO `c_resource` VALUES (25938183673872679, 'msg:smsTemplate:add', '新增', 141, '', b'1', 1, '2020-11-23 22:18:00', 1, '2020-11-23 22:18:00');
INSERT INTO `c_resource` VALUES (25938183673872684, 'msg:smsTemplate:edit', '编辑', 141, '', b'1', 1, '2020-11-23 22:18:07', 1, '2020-11-23 22:18:07');
INSERT INTO `c_resource` VALUES (25938183673872689, 'msg:smsTemplate:delete', '删除', 141, '', b'1', 1, '2020-11-23 22:18:13', 1, '2020-11-23 22:18:13');
INSERT INTO `c_resource` VALUES (25938183673872694, 'msg:smsTemplate:view', '查看', 141, '', b'1', 1, '2020-11-23 22:18:20', 1, '2020-11-23 22:18:20');
INSERT INTO `c_resource` VALUES (25938183673872703, 'file:attachment:add', '新增', 143, '', b'1', 1, '2020-11-23 22:19:58', 1, '2020-11-23 22:19:58');
INSERT INTO `c_resource` VALUES (25938183673872708, 'file:attachment:edit', '编辑', 143, '', b'1', 1, '2020-11-23 22:20:07', 1, '2020-11-23 22:20:07');
INSERT INTO `c_resource` VALUES (25938183673872713, 'file:attachment:delete', '删除', 143, '', b'1', 1, '2020-11-23 22:20:13', 1, '2020-11-23 22:20:13');
INSERT INTO `c_resource` VALUES (25938183673872718, 'file:attachment:view', '查看', 143, '', b'1', 1, '2020-11-23 22:20:19', 1, '2020-11-23 22:20:19');
INSERT INTO `c_resource` VALUES (25938183673872723, 'file:attachment:download', '下载', 143, '', b'1', 1, '2020-11-23 22:20:30', 1, '2020-11-23 22:20:30');
INSERT INTO `c_resource` VALUES (25938183673872736, 'authority:role:add;authority:org:view', '新增', 161, '', b'1', 1, '2020-11-23 22:23:25', 1, '2020-11-23 22:23:25');
INSERT INTO `c_resource` VALUES (25938183673872741, 'authority:role:edit;authority:org:view', '编辑', 161, '', b'1', 1, '2020-11-23 22:23:33', 1, '2020-11-23 22:23:33');
INSERT INTO `c_resource` VALUES (25938183673872746, 'authority:role:delete', '删除', 161, '', b'1', 1, '2020-11-23 22:23:41', 1, '2020-11-23 22:23:41');
INSERT INTO `c_resource` VALUES (25938183673872751, 'authority:role:view', '查看', 161, '', b'1', 1, '2020-11-23 22:24:50', 1, '2020-11-23 22:24:50');
INSERT INTO `c_resource` VALUES (25938183673872756, 'authority:role:config;authority:user:view', '配置权限', 161, '', b'1', 1, '2020-11-23 22:25:26', 1, '2020-11-23 22:25:26');
INSERT INTO `c_resource` VALUES (25938183673872761, 'authority:role:auth;authority:menu:view;authority:resource:view', '授权', 161, '', b'1', 1, '2020-11-23 22:25:39', 1, '2020-11-23 22:25:39');
INSERT INTO `c_resource` VALUES (25938183673872768, 'authority:dictionary:add', '新增', 162, '', b'1', 1, '2020-11-23 22:27:08', 1, '2020-11-23 22:27:08');
INSERT INTO `c_resource` VALUES (25938183673872773, 'authority:dictionary:edit', '编辑', 162, '', b'1', 1, '2020-11-23 22:27:15', 1, '2020-11-23 22:27:15');
INSERT INTO `c_resource` VALUES (25938183673872778, 'authority:dictionary:delete', '删除', 162, '', b'1', 1, '2020-11-23 22:27:22', 1, '2020-11-23 22:27:22');
INSERT INTO `c_resource` VALUES (25938183673872783, 'authority:dictionary:view', '查看', 162, '', b'1', 1, '2020-11-23 22:27:28', 1, '2020-11-23 22:27:28');
INSERT INTO `c_resource` VALUES (25938183673872790, 'authority:area:add', '新增', 163, '', b'1', 1, '2020-11-23 22:27:56', 1, '2020-11-23 22:27:56');
INSERT INTO `c_resource` VALUES (25938183673872795, 'authority:area:edit', '编辑', 163, '', b'1', 1, '2020-11-23 22:28:04', 1, '2020-11-23 22:28:04');
INSERT INTO `c_resource` VALUES (25938183673872800, 'authority:area:delete', '删除', 163, '', b'1', 1, '2020-11-23 22:28:11', 1, '2020-11-23 22:28:11');
INSERT INTO `c_resource` VALUES (25938183673872805, 'authority:area:view', '查看', 163, '', b'1', 1, '2020-11-23 22:28:25', 1, '2020-11-23 22:28:25');
INSERT INTO `c_resource` VALUES (25938183673872812, 'authority:parameter:add', '新增', 164, '', b'1', 1, '2020-11-23 22:29:01', 1, '2020-11-23 22:29:01');
INSERT INTO `c_resource` VALUES (25938183673872817, 'authority:parameter:edit', '编辑', 164, '', b'1', 1, '2020-11-23 22:29:08', 1, '2020-11-23 22:29:08');
INSERT INTO `c_resource` VALUES (25938183673872822, 'authority:parameter:delete', '删除', 164, '', b'1', 1, '2020-11-23 22:29:18', 1, '2020-11-23 22:29:18');
INSERT INTO `c_resource` VALUES (25938183673872827, 'authority:parameter:view', '查看', 164, '', b'1', 1, '2020-11-23 22:29:26', 1, '2020-11-23 22:29:26');
INSERT INTO `c_resource` VALUES (25938183673872838, 'authority:optLog:delete', '删除', 165, '', b'1', 1, '2020-11-23 22:30:00', 1, '2020-11-23 22:30:00');
INSERT INTO `c_resource` VALUES (25938183673872843, 'authority:optLog:view', '查看', 165, '', b'1', 1, '2020-11-23 22:30:08', 1, '2020-11-23 22:30:08');
INSERT INTO `c_resource` VALUES (25938183673872850, 'authority:loginLog:delete', '删除', 166, '', b'1', 1, '2020-11-23 22:30:27', 1, '2020-11-23 22:30:27');
INSERT INTO `c_resource` VALUES (25938183673872857, 'authority:loginLog:view', '查看', 166, '', b'1', 1, '2020-11-23 22:30:43', 1, '2020-11-23 22:30:43');
INSERT INTO `c_resource` VALUES (25938183673872864, 'authority:online:view', '查看', 167, '', b'1', 1, '2020-11-23 22:31:11', 1, '2020-11-23 22:31:11');
INSERT INTO `c_resource` VALUES (25938183673872869, 'authority:online:delete', '删除', 167, '', b'1', 1, '2020-11-23 22:31:19', 1, '2020-11-23 22:31:19');
INSERT INTO `c_resource` VALUES (25938183673872876, 'authority:application:add', '新增', 168, '', b'1', 1, '2020-11-23 22:31:37', 1, '2020-11-23 22:31:37');
INSERT INTO `c_resource` VALUES (25938183673872881, 'authority:application:edit', '编辑', 168, '', b'1', 1, '2020-11-23 22:31:43', 1, '2020-11-23 22:31:43');
INSERT INTO `c_resource` VALUES (25938183673872886, 'authority:application:delete', '删除', 168, '', b'1', 1, '2020-11-23 22:31:49', 1, '2020-11-23 22:31:49');
INSERT INTO `c_resource` VALUES (25938183673872891, 'authority:application:view', '查看', 168, '', b'1', 1, '2020-11-23 22:31:55', 1, '2020-11-23 22:31:55');
INSERT INTO `c_resource` VALUES (26578833880645891, 'tenant:datasourceConfig:add', '新增', 112, '', b'1', 2, '2020-11-25 17:05:43', 2, '2020-11-25 17:05:43');
INSERT INTO `c_resource` VALUES (26578833880645896, 'tenant:datasourceConfig:edit', '编辑', 112, '', b'1', 2, '2020-11-25 17:06:41', 2, '2020-11-25 17:06:41');
INSERT INTO `c_resource` VALUES (26578833880645901, 'tenant:datasourceConfig:delete', '删除', 112, '', b'1', 2, '2020-11-25 17:12:41', 2, '2020-11-25 17:12:41');
INSERT INTO `c_resource` VALUES (26578833880645906, 'tenant:datasourceConfig:view', '查看', 112, '', b'1', 2, '2020-11-25 17:12:56', 2, '2020-11-25 17:12:56');



-- ----------------------------
-- Records of c_role
-- ----------------------------
INSERT INTO `c_role` VALUES (1, '超级管理员', 'SUPER_ADMIN', '内置管理员', b'1', b'1', 'ALL', 1, '2020-11-22 23:46:00', 1, '2020-11-22 23:46:00');
INSERT INTO `c_role` VALUES (1471768491190124544, '患者', 'PATIENT', '患者，系统自动生成', b'1', b'0', 'ALL', 1, '2021-12-17 17:05:27', 1, '2021-12-19 13:05:12');


-- ----------------------------
-- Records of c_role_authority
-- ----------------------------
INSERT INTO `c_role_authority` VALUES (26578833880645921, 1, 'RESOURCE', 1, '2020-11-25 17:13:10', 2);
INSERT INTO `c_role_authority` VALUES (26578833880645922, 25938183673872761, 'RESOURCE', 1, '2020-11-25 17:13:10', 2);
INSERT INTO `c_role_authority` VALUES (26578833880645923, 25938183673872506, 'RESOURCE', 1, '2020-11-25 17:13:10', 2);
INSERT INTO `c_role_authority` VALUES (26578833880645924, 2, 'RESOURCE', 1, '2020-11-25 17:13:10', 2);
INSERT INTO `c_role_authority` VALUES (26578833880645925, 26578833880645906, 'RESOURCE', 1, '2020-11-25 17:13:10', 2);
INSERT INTO `c_role_authority` VALUES (26578833880645926, 3, 'RESOURCE', 1, '2020-11-25 17:13:10', 2);
INSERT INTO `c_role_authority` VALUES (26578833880645927, 25938183673872891, 'RESOURCE', 1, '2020-11-25 17:13:10', 2);
INSERT INTO `c_role_authority` VALUES (26578833880645928, 4, 'RESOURCE', 1, '2020-11-25 17:13:10', 2);
INSERT INTO `c_role_authority` VALUES (26578833880645929, 5, 'RESOURCE', 1, '2020-11-25 17:13:10', 2);
INSERT INTO `c_role_authority` VALUES (26578833880645930, 6, 'RESOURCE', 1, '2020-11-25 17:13:10', 2);
INSERT INTO `c_role_authority` VALUES (26578833880645931, 7, 'RESOURCE', 1, '2020-11-25 17:13:10', 2);
INSERT INTO `c_role_authority` VALUES (26578833880645932, 25938183673872496, 'RESOURCE', 1, '2020-11-25 17:13:10', 2);
INSERT INTO `c_role_authority` VALUES (26578833880645933, 8, 'RESOURCE', 1, '2020-11-25 17:13:10', 2);
INSERT INTO `c_role_authority` VALUES (26578833880645934, 9, 'RESOURCE', 1, '2020-11-25 17:13:10', 2);
INSERT INTO `c_role_authority` VALUES (26578833880645935, 25938183673872881, 'RESOURCE', 1, '2020-11-25 17:13:10', 2);
INSERT INTO `c_role_authority` VALUES (26578833880645936, 10, 'RESOURCE', 1, '2020-11-25 17:13:10', 2);
INSERT INTO `c_role_authority` VALUES (26578833880645937, 25938183673872627, 'RESOURCE', 1, '2020-11-25 17:13:10', 2);
INSERT INTO `c_role_authority` VALUES (26578833880645938, 25938183673872756, 'RESOURCE', 1, '2020-11-25 17:13:10', 2);
INSERT INTO `c_role_authority` VALUES (26578833880645939, 25938183673872501, 'RESOURCE', 1, '2020-11-25 17:13:10', 2);
INSERT INTO `c_role_authority` VALUES (26578833880645940, 25938183673872886, 'RESOURCE', 1, '2020-11-25 17:13:10', 2);
INSERT INTO `c_role_authority` VALUES (26578833880645941, 26578833880645891, 'RESOURCE', 1, '2020-11-25 17:13:10', 2);
INSERT INTO `c_role_authority` VALUES (26578833880645942, 25938183673872746, 'RESOURCE', 1, '2020-11-25 17:13:10', 2);
INSERT INTO `c_role_authority` VALUES (26578833880645943, 25938183673872491, 'RESOURCE', 1, '2020-11-25 17:13:10', 2);
INSERT INTO `c_role_authority` VALUES (26578833880645944, 25938183673872876, 'RESOURCE', 1, '2020-11-25 17:13:10', 2);
INSERT INTO `c_role_authority` VALUES (26578833880645945, 25938183673872622, 'RESOURCE', 1, '2020-11-25 17:13:10', 2);
INSERT INTO `c_role_authority` VALUES (26578833880645946, 25938183673872751, 'RESOURCE', 1, '2020-11-25 17:13:10', 2);
INSERT INTO `c_role_authority` VALUES (26578833880645947, 25938183673872736, 'RESOURCE', 1, '2020-11-25 17:13:10', 2);
INSERT INTO `c_role_authority` VALUES (26578833880645948, 25938183673872864, 'RESOURCE', 1, '2020-11-25 17:13:10', 2);
INSERT INTO `c_role_authority` VALUES (26578833880645949, 26578833880645896, 'RESOURCE', 1, '2020-11-25 17:13:10', 2);
INSERT INTO `c_role_authority` VALUES (26578833880645950, 25938183673872610, 'RESOURCE', 1, '2020-11-25 17:13:10', 2);
INSERT INTO `c_role_authority` VALUES (26578833880645951, 26578833880645901, 'RESOURCE', 1, '2020-11-25 17:13:10', 2);
INSERT INTO `c_role_authority` VALUES (26578833880645953, 25938183673872741, 'RESOURCE', 1, '2020-11-25 17:13:10', 2);
INSERT INTO `c_role_authority` VALUES (26578833880645954, 25938183673872869, 'RESOURCE', 1, '2020-11-25 17:13:10', 2);
INSERT INTO `c_role_authority` VALUES (26578833880645955, 25938183673872615, 'RESOURCE', 1, '2020-11-25 17:13:10', 2);
INSERT INTO `c_role_authority` VALUES (26578833880645957, 25938183673872601, 'RESOURCE', 1, '2020-11-25 17:13:10', 2);
INSERT INTO `c_role_authority` VALUES (26578833880645958, 25938183673872857, 'RESOURCE', 1, '2020-11-25 17:13:10', 2);
INSERT INTO `c_role_authority` VALUES (26578833880645960, 25938183673872850, 'RESOURCE', 1, '2020-11-25 17:13:10', 2);
INSERT INTO `c_role_authority` VALUES (26578833880645962, 25938183673872723, 'RESOURCE', 1, '2020-11-25 17:13:10', 2);
INSERT INTO `c_role_authority` VALUES (26578833880645963, 25938183673872596, 'RESOURCE', 1, '2020-11-25 17:13:10', 2);
INSERT INTO `c_role_authority` VALUES (26578833880645964, 25938183673872584, 'RESOURCE', 1, '2020-11-25 17:13:10', 2);
INSERT INTO `c_role_authority` VALUES (26578833880645965, 25938183673872713, 'RESOURCE', 1, '2020-11-25 17:13:10', 2);
INSERT INTO `c_role_authority` VALUES (26578833880645966, 25938183673872843, 'RESOURCE', 1, '2020-11-25 17:13:10', 2);
INSERT INTO `c_role_authority` VALUES (26578833880645968, 25938183673872589, 'RESOURCE', 1, '2020-11-25 17:13:10', 2);
INSERT INTO `c_role_authority` VALUES (26578833880645969, 25938183673872718, 'RESOURCE', 1, '2020-11-25 17:13:10', 2);
INSERT INTO `c_role_authority` VALUES (26578833880645971, 25938183673872579, 'RESOURCE', 1, '2020-11-25 17:13:10', 2);
INSERT INTO `c_role_authority` VALUES (26578833880645972, 25938183673872708, 'RESOURCE', 1, '2020-11-25 17:13:10', 2);
INSERT INTO `c_role_authority` VALUES (26578833880645973, 25938183673872838, 'RESOURCE', 1, '2020-11-25 17:13:10', 2);
INSERT INTO `c_role_authority` VALUES (26578833880645976, 25938183673872569, 'RESOURCE', 1, '2020-11-25 17:13:10', 2);
INSERT INTO `c_role_authority` VALUES (26578833880645977, 25938183673872827, 'RESOURCE', 1, '2020-11-25 17:13:10', 2);
INSERT INTO `c_role_authority` VALUES (26578833880645979, 25938183673872574, 'RESOURCE', 1, '2020-11-25 17:13:10', 2);
INSERT INTO `c_role_authority` VALUES (26578833880645980, 25938183673872703, 'RESOURCE', 1, '2020-11-25 17:13:10', 2);
INSERT INTO `c_role_authority` VALUES (26578833880645981, 25938183673872689, 'RESOURCE', 1, '2020-11-25 17:13:10', 2);
INSERT INTO `c_role_authority` VALUES (26578833880645982, 25938183673872817, 'RESOURCE', 1, '2020-11-25 17:13:10', 2);
INSERT INTO `c_role_authority` VALUES (26578833880645983, 25938183673872562, 'RESOURCE', 1, '2020-11-25 17:13:10', 2);
INSERT INTO `c_role_authority` VALUES (26578833880645984, 25938183673872694, 'RESOURCE', 1, '2020-11-25 17:13:10', 2);
INSERT INTO `c_role_authority` VALUES (26578833880645985, 25938183673872822, 'RESOURCE', 1, '2020-11-25 17:13:10', 2);
INSERT INTO `c_role_authority` VALUES (26578833880645986, 25938183673872552, 'RESOURCE', 1, '2020-11-25 17:13:10', 2);
INSERT INTO `c_role_authority` VALUES (26578833880645987, 25938183673872684, 'RESOURCE', 1, '2020-11-25 17:13:10', 2);
INSERT INTO `c_role_authority` VALUES (26578833880645988, 25938183673872812, 'RESOURCE', 1, '2020-11-25 17:13:10', 2);
INSERT INTO `c_role_authority` VALUES (26578833880645989, 25938183673872557, 'RESOURCE', 1, '2020-11-25 17:13:10', 2);
INSERT INTO `c_role_authority` VALUES (26578833880645990, 25938183673872672, 'RESOURCE', 1, '2020-11-25 17:13:10', 2);
INSERT INTO `c_role_authority` VALUES (26578833880645991, 25938183673872800, 'RESOURCE', 1, '2020-11-25 17:13:10', 2);
INSERT INTO `c_role_authority` VALUES (26578833880645992, 25938183673872547, 'RESOURCE', 1, '2020-11-25 17:13:10', 2);
INSERT INTO `c_role_authority` VALUES (26578833880645993, 25938183673872805, 'RESOURCE', 1, '2020-11-25 17:13:10', 2);
INSERT INTO `c_role_authority` VALUES (26578833880645994, 25938183673872679, 'RESOURCE', 1, '2020-11-25 17:13:10', 2);
INSERT INTO `c_role_authority` VALUES (26578833880645995, 25938183673872537, 'RESOURCE', 1, '2020-11-25 17:13:10', 2);
INSERT INTO `c_role_authority` VALUES (26578833880645996, 25938183673872667, 'RESOURCE', 1, '2020-11-25 17:13:10', 2);
INSERT INTO `c_role_authority` VALUES (26578833880645997, 25938183673872795, 'RESOURCE', 1, '2020-11-25 17:13:10', 2);
INSERT INTO `c_role_authority` VALUES (26578833880645998, 25938183673872542, 'RESOURCE', 1, '2020-11-25 17:13:10', 2);
INSERT INTO `c_role_authority` VALUES (26578833880645999, 25938183673872528, 'RESOURCE', 1, '2020-11-25 17:13:10', 2);
INSERT INTO `c_role_authority` VALUES (26578833880646000, 25938183673872657, 'RESOURCE', 1, '2020-11-25 17:13:10', 2);
INSERT INTO `c_role_authority` VALUES (26578833880646001, 25938183673872662, 'RESOURCE', 1, '2020-11-25 17:13:10', 2);
INSERT INTO `c_role_authority` VALUES (26578833880646002, 25938183673872790, 'RESOURCE', 1, '2020-11-25 17:13:10', 2);
INSERT INTO `c_role_authority` VALUES (26578833880646003, 25938183673872778, 'RESOURCE', 1, '2020-11-25 17:13:10', 2);
INSERT INTO `c_role_authority` VALUES (26578833880646004, 25938183673872523, 'RESOURCE', 1, '2020-11-25 17:13:10', 2);
INSERT INTO `c_role_authority` VALUES (26578833880646005, 25938183673872783, 'RESOURCE', 1, '2020-11-25 17:13:10', 2);
INSERT INTO `c_role_authority` VALUES (26578833880646006, 25938183673872768, 'RESOURCE', 1, '2020-11-25 17:13:10', 2);
INSERT INTO `c_role_authority` VALUES (26578833880646007, 25938183673872513, 'RESOURCE', 1, '2020-11-25 17:13:10', 2);
INSERT INTO `c_role_authority` VALUES (26578833880646008, 25938183673872773, 'RESOURCE', 1, '2020-11-25 17:13:10', 2);
INSERT INTO `c_role_authority` VALUES (26578833880646009, 25938183673872518, 'RESOURCE', 1, '2020-11-25 17:13:10', 2);
INSERT INTO `c_role_authority` VALUES (26578833880646010, 25938183673872646, 'RESOURCE', 1, '2020-11-25 17:13:10', 2);
INSERT INTO `c_role_authority` VALUES (26578833880646011, 130, 'MENU', 1, '2020-11-25 17:13:10', 2);
INSERT INTO `c_role_authority` VALUES (26578833880646012, 131, 'MENU', 1, '2020-11-25 17:13:10', 2);
INSERT INTO `c_role_authority` VALUES (26578833880646013, 132, 'MENU', 1, '2020-11-25 17:13:10', 2);
INSERT INTO `c_role_authority` VALUES (26578833880646015, 140, 'MENU', 1, '2020-11-25 17:13:10', 2);
INSERT INTO `c_role_authority` VALUES (26578833880646016, 141, 'MENU', 1, '2020-11-25 17:13:10', 2);
INSERT INTO `c_role_authority` VALUES (26578833880646017, 142, 'MENU', 1, '2020-11-25 17:13:10', 2);
INSERT INTO `c_role_authority` VALUES (26578833880646018, 143, 'MENU', 1, '2020-11-25 17:13:10', 2);
INSERT INTO `c_role_authority` VALUES (26578833880646019, 20, 'MENU', 1, '2020-11-25 17:13:10', 2);
INSERT INTO `c_role_authority` VALUES (26578833880646020, 150, 'MENU', 1, '2020-11-25 17:13:10', 2);
INSERT INTO `c_role_authority` VALUES (26578833880646021, 151, 'MENU', 1, '2020-11-25 17:13:10', 2);
INSERT INTO `c_role_authority` VALUES (26578833880646022, 152, 'MENU', 1, '2020-11-25 17:13:10', 2);
INSERT INTO `c_role_authority` VALUES (26578833880646023, 153, 'MENU', 1, '2020-11-25 17:13:10', 2);
INSERT INTO `c_role_authority` VALUES (26578833880646024, 154, 'MENU', 1, '2020-11-25 17:13:10', 2);
INSERT INTO `c_role_authority` VALUES (26578833880646025, 155, 'MENU', 1, '2020-11-25 17:13:10', 2);
INSERT INTO `c_role_authority` VALUES (26578833880646026, 156, 'MENU', 1, '2020-11-25 17:13:10', 2);
INSERT INTO `c_role_authority` VALUES (26578833880646027, 157, 'MENU', 1, '2020-11-25 17:13:10', 2);
INSERT INTO `c_role_authority` VALUES (26578833880646028, 30, 'MENU', 1, '2020-11-25 17:13:10', 2);
INSERT INTO `c_role_authority` VALUES (26578833880646029, 160, 'MENU', 1, '2020-11-25 17:13:10', 2);
INSERT INTO `c_role_authority` VALUES (26578833880646030, 161, 'MENU', 1, '2020-11-25 17:13:10', 2);
INSERT INTO `c_role_authority` VALUES (26578833880646031, 162, 'MENU', 1, '2020-11-25 17:13:10', 2);
INSERT INTO `c_role_authority` VALUES (26578833880646032, 163, 'MENU', 1, '2020-11-25 17:13:10', 2);
INSERT INTO `c_role_authority` VALUES (26578833880646033, 164, 'MENU', 1, '2020-11-25 17:13:10', 2);
INSERT INTO `c_role_authority` VALUES (26578833880646034, 165, 'MENU', 1, '2020-11-25 17:13:10', 2);
INSERT INTO `c_role_authority` VALUES (26578833880646035, 166, 'MENU', 1, '2020-11-25 17:13:10', 2);
INSERT INTO `c_role_authority` VALUES (26578833880646036, 167, 'MENU', 1, '2020-11-25 17:13:10', 2);
INSERT INTO `c_role_authority` VALUES (26578833880646037, 40, 'MENU', 1, '2020-11-25 17:13:10', 2);
INSERT INTO `c_role_authority` VALUES (26578833880646038, 168, 'MENU', 1, '2020-11-25 17:13:10', 2);
INSERT INTO `c_role_authority` VALUES (26578833880646039, 50, 'MENU', 1, '2020-11-25 17:13:10', 2);
INSERT INTO `c_role_authority` VALUES (26578833880646040, 180, 'MENU', 1, '2020-11-25 17:13:10', 2);
INSERT INTO `c_role_authority` VALUES (26578833880646041, 181, 'MENU', 1, '2020-11-25 17:13:10', 2);
INSERT INTO `c_role_authority` VALUES (26578833880646042, 60, 'MENU', 1, '2020-11-25 17:13:10', 2);
INSERT INTO `c_role_authority` VALUES (26578833880646051, 70, 'MENU', 1, '2020-11-25 17:13:10', 2);
INSERT INTO `c_role_authority` VALUES (26578833880646069, 120, 'MENU', 1, '2020-11-25 17:13:11', 2);
INSERT INTO `c_role_authority` VALUES (26578833880646070, 121, 'MENU', 1, '2020-11-25 17:13:11', 2);
INSERT INTO `c_role_authority` VALUES (26578833880646071, 122, 'MENU', 1, '2020-11-25 17:13:11', 2);
INSERT INTO `c_role_authority` VALUES (26578833880646072, 123, 'MENU', 1, '2020-11-25 17:13:11', 2);
INSERT INTO `c_role_authority` VALUES (1477162876115353600, 1471770641223909376, 'MENU', 1471768491190124544, '2022-01-01 14:20:49', 1);
INSERT INTO `c_role_authority` VALUES (1477162876123742208, 10, 'MENU', 1471768491190124544, '2022-01-01 14:20:49', 1);
INSERT INTO `c_role_authority` VALUES (1477162876123742209, 1477162491380236288, 'MENU', 1471768491190124544, '2022-01-01 14:20:49', 1);


-- ----------------------------
-- Records of c_source_count
-- ----------------------------
INSERT INTO `c_source_count` VALUES (1477112470819569664, 1472451690413162496, 10, '2022-01-01 11:00:31', 0, '2022-01-01 11:00:31', 0);
INSERT INTO `c_source_count` VALUES (1477112471088005120, 1472452250352746496, 10, '2022-01-01 11:00:31', 0, '2022-01-01 11:00:31', 0);
INSERT INTO `c_source_count` VALUES (1477112471348051968, 1472452473632325632, 10, '2022-01-01 11:00:31', 0, '2022-01-01 11:00:31', 0);
INSERT INTO `c_source_count` VALUES (1477112471671013376, 1472452696941264896, 10, '2022-01-01 11:00:31', 0, '2022-01-01 11:00:31', 0);
INSERT INTO `c_source_count` VALUES (1477112471956226048, 1472452813874266112, 10, '2022-01-01 11:00:31', 0, '2022-01-01 11:00:31', 0);
INSERT INTO `c_source_count` VALUES (1477112472274993152, 1472452908007030784, 10, '2022-01-01 11:00:31', 0, '2022-01-01 11:00:31', 0);
INSERT INTO `c_source_count` VALUES (1477112472585371648, 1472453153780662272, 8, '2022-01-01 11:00:32', 0, '2022-01-01 11:00:32', 0);
INSERT INTO `c_source_count` VALUES (1477112473008996352, 1472454322804490240, 10, '2022-01-01 11:00:32', 0, '2022-01-01 11:00:32', 0);
INSERT INTO `c_source_count` VALUES (1477112473373900800, 1472455263280693248, 10, '2022-01-01 11:00:32', 0, '2022-01-01 11:00:32', 0);
INSERT INTO `c_source_count` VALUES (1477112473646530560, 1472455523382067200, 10, '2022-01-01 11:00:32', 0, '2022-01-01 11:00:32', 0);
INSERT INTO `c_source_count` VALUES (1477112473961103360, 1472456226049622016, 10, '2022-01-01 11:00:32', 0, '2022-01-01 11:00:32', 0);
INSERT INTO `c_source_count` VALUES (1477112474254704640, 1472457489378181120, 20, '2022-01-01 11:00:32', 0, '2022-01-01 11:00:32', 0);
INSERT INTO `c_source_count` VALUES (1477112474615414784, 1473992814042808320, 18, '2022-01-01 11:00:32', 0, '2022-01-01 11:00:32', 0);

-- ----------------------------
-- Records of c_station
-- ----------------------------
INSERT INTO `c_station` VALUES (1472436306943410176, '医生', 1472434504344797184, b'1', '医院医生', '2021-12-19 13:19:07', 1, '2021-12-19 13:22:14', 1);
INSERT INTO `c_station` VALUES (1472438967499489280, '患者', 1472437795271213056, b'1', '来看病的患者', '2021-12-19 13:29:41', 1, '2021-12-19 13:29:41', 1);



-- ----------------------------
-- Records of c_user
-- ----------------------------
INSERT INTO `c_user` VALUES (1, 'admin', '内置管理员', 1, 1, b'1', '', '', 'M', b'1', 'http://81.70.207.162:9090/test/2222/USER_AVATAR/2021/12/23/1058a9aca5464810b1c6137c49cb7400.jpg', '', '', '', '不想上班!', '2022-01-01 19:47:44', 0, NULL, '8b3515d09935e88a49e8d159dab08ffa405e394690d1c4549b1732507ac7033e', 'ki5pj8dv44i14yu4nbhh', '2022-01-01 19:47:44', 1, '2020-11-22 23:03:15', 1, '2021-12-23 19:33:06', NULL);
INSERT INTO `c_user` VALUES (1471766667640963072, '111111', '111111', 1472437795271213056, 1472438967499489280, b'0', '', '', 'M', b'1', 'http://81.70.207.162:9090/test/2222/USER_AVATAR/2021/12/23/a85eb70d79b34ac78edb97c7bbc31884.png', '', '', '', '个人描述占位（一段废话）', '2021-12-31 14:55:34', 0, NULL, 'd6140742c9690b2e6122c682b9ca09f3da8deebe902799ad020e2b9501e7a574', 'za0odmmnm3yh0b5rq3t5', '2021-12-31 14:55:34', 1, '2021-12-17 16:58:12', 1, '2021-12-19 13:43:20', NULL);
INSERT INTO `c_user` VALUES (1472451690413162496, 'zhangsan', '张三', 1473210484948729856, 1472436306943410176, b'0', '', '', 'M', b'1', 'http://81.70.207.162:9090/test/2222/USER_AVATAR/2021/12/23/a85eb70d79b34ac78edb97c7bbc31884.png', '', '01', '01', '个人描述占位（一段废话）', NULL, 0, NULL, '89fbff89e6c5b3aa95e37fc39431c3dabe95f6c17424cd0940d1dbfa0391e4d0', 'cdsa4ey106kvw5304qbh', NULL, 1, '2021-12-19 14:20:14', 1, '2021-12-21 16:48:46', 10);
INSERT INTO `c_user` VALUES (1472452250352746496, 'lisi', '李四', 1473210591467274240, 1472436306943410176, b'0', '', '', 'W', b'1', 'http://81.70.207.162:9090/test/2222/USER_AVATAR/2021/12/23/a85eb70d79b34ac78edb97c7bbc31884.png', '', '02', '01', '个人描述占位（一段废话）', NULL, 0, NULL, '67c1d68dc6200ba845890d4ebedecfe1854e125e325f2db8c207981d96382451', 'kh3esz9tmridcz71toex', NULL, 1, '2021-12-19 14:22:28', 1, '2021-12-21 16:48:40', 10);
INSERT INTO `c_user` VALUES (1472452473632325632, 'wangwu', '王五', 1473210637046775808, 1472436306943410176, b'0', '', '', 'M', b'1', 'http://81.70.207.162:9090/test/2222/USER_AVATAR/2021/12/23/a85eb70d79b34ac78edb97c7bbc31884.png', '01', '03', '01', '个人描述占位（一段废话）', NULL, 0, NULL, '1b5436f63d7646f179424f21ed0b33bde7f9abeec2572a1e15c04da0b2c50755', 'uozh606lw0h2k1txwqi1', NULL, 1, '2021-12-19 14:23:21', 1, '2021-12-21 16:48:25', 10);
INSERT INTO `c_user` VALUES (1472452696941264896, 'yangqiang', '杨强', 1473210783285379072, 1472436306943410176, b'0', '', '', 'M', b'1', 'http://81.70.207.162:9090/test/2222/USER_AVATAR/2021/12/23/a85eb70d79b34ac78edb97c7bbc31884.png', '01', '02', '01', '个人描述占位（一段废话）', NULL, 0, NULL, '203f196c5ed92d7dde744861aec0805e2e6d75ff173b54dae5eb8410194d98c0', 'k4fhoj3sxtfpb6ax1by5', NULL, 1, '2021-12-19 14:24:14', 1, '2021-12-21 16:48:16', 10);
INSERT INTO `c_user` VALUES (1472452813874266112, 'jinjun', '金军', 1473210886050021376, 1472436306943410176, b'0', '', '', 'M', b'1', 'http://81.70.207.162:9090/test/2222/USER_AVATAR/2021/12/23/a85eb70d79b34ac78edb97c7bbc31884.png', '01', '04', '01', '个人描述占位（一段废话）', NULL, 0, NULL, 'b4c3847f5ef9c4840f314aecb226acc7cb732c92534413d2428045ebc0b6fc6e', 'blucpw0pbkuljh6rrn8i', NULL, 1, '2021-12-19 14:24:42', 1, '2021-12-21 16:48:10', 10);
INSERT INTO `c_user` VALUES (1472452908007030784, 'panli', '潘丽', 1473210783285379072, 1472436306943410176, b'0', '', '', 'W', b'1', 'http://81.70.207.162:9090/test/2222/USER_AVATAR/2021/12/23/a85eb70d79b34ac78edb97c7bbc31884.png', '01', '03', '01', '个人描述占位（一段废话）', NULL, 0, NULL, '46dc02902def6ca2cff291b7d38d77e65ee3ffecd88330f4d1ba9e168998d017', '1fon1gq7kv2z5hod0ht4', NULL, 1, '2021-12-19 14:25:05', 1, '2021-12-21 16:48:02', 10);
INSERT INTO `c_user` VALUES (1472453153780662272, 'dengyan', '邓艳', 1473211020615876608, 1472436306943410176, b'0', '', '', 'W', b'1', 'http://81.70.207.162:9090/test/2222/USER_AVATAR/2021/12/23/a85eb70d79b34ac78edb97c7bbc31884.png', '01', '01', '01', '个人描述占位（一段废话）', NULL, 0, NULL, '4536e78b17793e160aad6245fc2656d10ae57f479c1b5a6ec1cc944b6c3961dd', '3e0dwabvkhlgfbw6hz5j', NULL, 1, '2021-12-19 14:26:03', 1, '2021-12-21 16:47:49', 10);
INSERT INTO `c_user` VALUES (1472454322804490240, 'renli', '任丽', 1473211142963724288, 1472436306943410176, b'0', '', '', 'W', b'1', 'http://81.70.207.162:9090/test/2222/USER_AVATAR/2021/12/23/a85eb70d79b34ac78edb97c7bbc31884.png', '01', '03', '01', '个人描述占位（一段废话）', NULL, 0, NULL, '5ae44b8159d3163a91051ef877f998d6f89253b54fcb6c0e59a29a8fb89759a1', 'qujavbf7ufmbxugebu44', NULL, 1, '2021-12-19 14:30:42', 1, '2021-12-23 20:34:15', 10);
INSERT INTO `c_user` VALUES (1472455263280693248, 'duanping', '段平', 1473211081798189056, 1472436306943410176, b'0', '', '', 'M', b'1', 'http://81.70.207.162:9090/test/2222/USER_AVATAR/2021/12/23/a85eb70d79b34ac78edb97c7bbc31884.png', '01', '02', '01', '个人描述占位（一段废话）', NULL, 0, NULL, '86b5c936a7324720f72605d8a128e62ca42056729c4c5eb7623d1a4a7737a043', 'mny3qkz4ybypq8544453', NULL, 1, '2021-12-19 14:34:26', 1, '2021-12-21 16:47:09', 10);
INSERT INTO `c_user` VALUES (1472455523382067200, 'dingxia', '丁霞', 1473211219014844416, 1472436306943410176, b'0', '', '', 'W', b'1', 'http://81.70.207.162:9090/test/2222/USER_AVATAR/2021/12/29/b8e791fad8524ca58dc754df74d78c32.png', '01', '03', '01', '个人描述占位（一段废话）', NULL, 0, NULL, 'cf2c60f0b6c51e0afa20d56b3a6f761ee9cf0073722763d50ce308f6a00cffea', '4jq5jtvcmeoeogqh8byd', NULL, 1, '2021-12-19 14:35:28', 1, '2021-12-29 18:46:47', 10);
INSERT INTO `c_user` VALUES (1472456226049622016, 'xuchao', '许超', 1473211264720175104, 1472436306943410176, b'0', '', '', 'N', b'1', 'http://81.70.207.162:9090/test/2222/USER_AVATAR/2021/12/28/667267cc96e147fd970c70839cf2ace7.jpg', '01', '04', '01', '个人描述占位（一段废话）', NULL, 0, NULL, '64df065796d804735adcd0e039297f174e2b0836b794f80e16da38565b11fe3d', 'tbzufughgpfcceq2biaz', NULL, 1, '2021-12-19 14:38:16', 1, '2021-12-28 16:36:59', 10);
INSERT INTO `c_user` VALUES (1472457489378181120, 'shiqiang', '石强', 1473211321674629120, 1472436306943410176, b'0', '', '', 'M', b'1', 'http://81.70.207.162:9090/test/2222/USER_AVATAR/2021/12/23/b8ea523b1a2e40148b2deb01d198380e.jpg', '01', '02', '01', '个人描述占位（一段废话）', NULL, 0, NULL, '949f2e4355d012638e7cc0f6dc576bde8a46681870f13dcdd3dd397eadba8f63', '3vwb5s72s2qvcmvpdakj', NULL, 1, '2021-12-19 14:43:17', 1, '2021-12-23 20:05:23', 20);
INSERT INTO `c_user` VALUES (1473992814042808320, 'sulei', '苏磊', 1473211219014844416, 1472436306943410176, b'0', '', '', 'M', b'1', 'http://81.70.207.162:9090/test/2222/USER_AVATAR/2021/12/23/657ff208d9c54fbfba48572b52655882.jpg', '01', '03', '01', '毕业于广西中医药大学，硕士研究生，师承广西中医药大学林宗汉教授，曾在广西中医药大学附属瑞康医院、江西省中医院学习深造。曾任广西壮族自治区中西医结合骨科学会微创骨科委员会委员，在国内骨科杂志发表论文多篇，尤其擅长治疗运动创伤、关节周围骨折，中西医结合治疗髋、膝关节退行性病变及股头血性坏死等相关疾病。', NULL, 0, NULL, '4054693f4d69b5c9b9080aa893ae9f0882c729f7b83308ac5eadb9bd200ea3e4', 'mb471wugd8g5sukw1gmt', NULL, 1, '2021-12-23 20:24:07', 1, '2021-12-23 20:24:07', 18);
INSERT INTO `c_user` VALUES (1477120946635538432, '342221199910099219', '聂富豪', NULL, NULL, b'0', '', '', 'N', b'1', '', '', '', '', '', '2022-01-01 19:30:29', 0, NULL, 'ab82c97d7dc779d4bedebee2fd1feb5da46213c69c68115c44568e33ae9a97f9', 'w8a4g92naig4v0wdnii1', '2022-01-01 19:30:29', NULL, '2022-01-01 11:34:12', NULL, '2022-01-01 11:34:12', NULL);
INSERT INTO `c_user` VALUES (1477122391430660096, '123', '123', 1472437795271213056, 1472438967499489280, b'0', '', '', 'N', b'1', '', '', '', '', '', '2022-01-01 14:22:33', 0, NULL, '94b2d3acc5e8aa24741b6635b555eb88bfbf22f30dd436450bda59e5f450777c', 'i5gr1eubd407fbprtmjs', '2022-01-01 14:22:33', NULL, '2022-01-01 11:39:56', NULL, '2022-01-01 11:39:56', NULL);
INSERT INTO `c_user` VALUES (1477234544359768064, '2222', 'Yang', 1472437795271213056, 1472438967499489280, b'0', '', '', 'N', b'1', '', '', '', '', '', '2022-01-01 19:47:32', 0, NULL, '8d4969136f97fd9ad616197b4244f9a739fdeb2bf2c7059068a502a01d633436', 'wcvy4w3r5ixrc15p6b78', '2022-01-01 19:47:32', NULL, '2022-01-01 19:05:36', NULL, '2022-01-01 19:05:36', NULL);


-- ----------------------------
-- Records of c_user_role
-- ----------------------------
INSERT INTO `c_user_role` VALUES (1, 1, 1, 1, '2021-12-31 16:09:23');
INSERT INTO `c_user_role` VALUES (1476827810717761536, 1471768491190124544, 1471766667640963072, 1476827541636382720, '2021-12-31 16:09:23');
INSERT INTO `c_user_role` VALUES (1477120946966888448, 1471768491190124544, 1477120946635538432, NULL, '2022-01-01 11:34:12');
INSERT INTO `c_user_role` VALUES (1477122391850090496, 1471768491190124544, 1477122391430660096, NULL, '2022-01-01 11:39:56');
INSERT INTO `c_user_role` VALUES (1477234544678535168, 1471768491190124544, 1477234544359768064, NULL, '2022-01-01 19:05:36');
